motif_ID	motif_ALT_ID	motif_Score	seq_ID	seq_Score	seq_Class	is_holdout?
1-AGGAGGCCCCAKYM	STREME-1	5.0e-002	8:106062668-106063092	22.97	tp	0
1-AGGAGGCCCCAKYM	STREME-1	5.0e-002	11:62550789-62551395	20.43	tp	0
1-AGGAGGCCCCAKYM	STREME-1	5.0e-002	11:113063392-113063883	2.64	tp	0
#
2-CCTGTCCARMYTCTG	STREME-2	5.0e-002	11:113063392-113063883	22.38	tp	0
2-CCTGTCCARMYTCTG	STREME-2	5.0e-002	8:106062668-106063092	22.24	tp	0
2-CCTGTCCARMYTCTG	STREME-2	5.0e-002	11:62550789-62551395	5.63	tp	0
#
3-CCTTTCCTTTA	STREME-3	5.0e-002	11:113063392-113063883	19.78	tp	0
3-CCTTTCCTTTA	STREME-3	5.0e-002	8:106062668-106063092	11.12	tp	0
3-CCTTTCCTTTA	STREME-3	5.0e-002	11:62550789-62551395	8.19	tp	0
#
4-CTGGAAAGGTAT	STREME-4	5.0e-002	11:62550789-62551395	21.27	tp	0
4-CTGGAAAGGTAT	STREME-4	5.0e-002	11:113063392-113063883	10.99	tp	0
4-CTGGAAAGGTAT	STREME-4	5.0e-002	8:106062668-106063092	9.64	tp	0
#
5-GAGATGGACC	STREME-5	5.0e-002	11:113063392-113063883	18.39	tp	0
5-GAGATGGACC	STREME-5	5.0e-002	11:62550789-62551395	6.95	tp	0
5-GAGATGGACC	STREME-5	5.0e-002	8:106062668-106063092	6.72	tp	0
