motif_ID	motif_ALT_ID	seq_ID	site_Start	site_End	site_Strand	site_Score	site_Sequence
1-AGGAGGCCCCAKYM	STREME-1	8	106062822	106062835	+	22.97	AGGAGGCCCCATTA
1-AGGAGGCCCCAKYM	STREME-1	11	62551152	62551165	+	20.43	AGGAGGCCCCAGCC
1-AGGAGGCCCCAKYM	STREME-1	11	113063579	113063592	-	2.64	GGTAGGCCCCTTAC
#
2-CCTGTCCARMYTCTG	STREME-2	11	113063704	113063718	+	22.38	CCTGTCCAAACTCTG
2-CCTGTCCARMYTCTG	STREME-2	8	106062674	106062688	-	22.24	CCTGTCCAGCTTCTG
2-CCTGTCCARMYTCTG	STREME-2	11	62551069	62551083	-	5.63	CCTGTCCCTCCTCAG
#
3-CCTTTCCTTTA	STREME-3	11	113063544	113063554	+	19.78	CCTTTCCTTTA
3-CCTTTCCTTTA	STREME-3	8	106062728	106062738	-	11.12	CCTTTCGTTTC
3-CCTTTCCTTTA	STREME-3	11	62551273	62551283	-	8.19	CCTTTCTTTCA
#
4-CTGGAAAGGTAT	STREME-4	11	62551187	62551198	+	21.27	CTGGAAAGGTAT
4-CTGGAAAGGTAT	STREME-4	11	113063779	113063790	+	10.99	CTGGACAGGTAC
4-CTGGAAAGGTAT	STREME-4	8	106062791	106062802	+	9.64	CTGGAAAGAAAT
#
5-GAGATGGACC	STREME-5	11	113063630	113063639	-	18.39	GAGATGGACC
5-GAGATGGACC	STREME-5	11	62551119	62551128	-	6.95	GAGATGGAGT
5-GAGATGGACC	STREME-5	8	106062780	106062789	+	6.72	GAGGTGGAAC
